院校名称,省份,城市,院校类型,办学层次,主管部门,创办年份,是否双一流,是否985,是否211,所属区域,办学年限,学校层次标签
北京大学,北京,北京市,综合,本科,教育部,1898,True,True,True,华北,127,985工程
清华大学,北京,北京市,理工,本科,教育部,1911,True,True,True,华北,114,985工程
中国人民大学,北京,北京市,综合,本科,教育部,1937,True,True,True,华北,88,985工程
北京师范大学,北京,北京市,师范,本科,教育部,1902,True,True,True,华北,123,985工程
北京航空航天大学,北京,北京市,理工,本科,工信部,1952,True,True,True,华北,73,985工程
北京理工大学,北京,北京市,理工,本科,工信部,1940,True,True,True,华北,85,985工程
中国农业大学,北京,北京市,农林,本科,教育部,1905,True,True,True,华北,120,985工程
中央民族大学,北京,北京市,民族,本科,国家民委,1941,True,True,True,华北,84,985工程
北京科技大学,北京,北京市,理工,本科,教育部,1952,True,True,False,华北,73,985工程
北京交通大学,北京,北京市,理工,本科,教育部,1896,True,True,False,华北,129,985工程
北京邮电大学,北京,北京市,理工,本科,教育部,1955,True,True,False,华北,70,985工程
北京化工大学,北京,北京市,理工,本科,教育部,1958,True,True,False,华北,67,985工程
北京林业大学,北京,北京市,农林,本科,教育部,1952,True,True,False,华北,73,985工程
北京工业大学,北京,北京市,理工,本科,北京市,1960,True,True,False,华北,65,985工程
中国政法大学,北京,北京市,政法,本科,教育部,1952,True,True,False,华北,73,985工程
中国传媒大学,北京,北京市,语言,本科,教育部,1954,True,True,False,华北,71,985工程
中央财经大学,北京,北京市,财经,本科,教育部,1949,True,True,False,华北,76,985工程
对外经济贸易大学,北京,北京市,财经,本科,教育部,1951,True,True,False,华北,74,985工程
北京外国语大学,北京,北京市,语言,本科,教育部,1941,True,True,False,华北,84,985工程
北京中医药大学,北京,北京市,医药,本科,教育部,1956,True,True,False,华北,69,985工程
华北电力大学,北京,北京市,理工,本科,教育部,1958,True,True,False,华北,67,985工程
中国地质大学(北京),北京,北京市,理工,本科,教育部,1952,True,True,False,华北,73,985工程
中国矿业大学(北京),北京,北京市,理工,本科,教育部,1909,True,True,False,华北,116,985工程
中国石油大学(北京),北京,北京市,理工,本科,教育部,1953,True,True,False,华北,72,985工程
北京体育大学,北京,北京市,体育,本科,国家体育总局,1953,True,True,False,华北,72,985工程
中央音乐学院,北京,北京市,艺术,本科,教育部,1950,True,True,False,华北,75,985工程
中央美术学院,北京,北京市,艺术,本科,教育部,1918,True,True,False,华北,107,985工程
中央戏剧学院,北京,北京市,艺术,本科,教育部,1950,True,True,False,华北,75,985工程
首都师范大学,北京,北京市,师范,本科,北京市,1954,True,False,False,华北,71,双一流
首都医科大学,北京,北京市,医药,本科,北京市,1960,False,False,False,华北,65,普通本科
北京工商大学,北京,北京市,财经,本科,北京市,1950,False,False,False,华北,75,普通本科
北京建筑大学,北京,北京市,理工,本科,北京市,1936,False,False,False,华北,89,普通本科
北京信息科技大学,北京,北京市,理工,本科,北京市,1937,False,False,False,华北,88,普通本科
北京联合大学,北京,北京市,综合,本科,北京市,1978,False,False,False,华北,47,普通本科
北京服装学院,北京,北京市,理工,本科,北京市,1959,False,False,False,华北,66,普通本科
北京印刷学院,北京,北京市,理工,本科,北京市,1958,False,False,False,华北,67,普通本科
北京石油化工学院,北京,北京市,理工,本科,北京市,1978,False,False,False,华北,47,普通本科
北京农学院,北京,北京市,农林,本科,北京市,1956,False,False,False,华北,69,普通本科
北京物资学院,北京,北京市,财经,本科,北京市,1980,False,False,False,华北,45,普通本科
首都体育学院,北京,北京市,体育,本科,北京市,1956,False,False,False,华北,69,普通本科
中国音乐学院,北京,北京市,艺术,本科,北京市,1964,True,False,False,华北,61,双一流
中国戏曲学院,北京,北京市,艺术,本科,北京市,1950,False,False,False,华北,75,普通本科
北京电影学院,北京,北京市,艺术,本科,北京市,1950,False,False,False,华北,75,普通本科
北京舞蹈学院,北京,北京市,艺术,本科,北京市,1954,False,False,False,华北,71,普通本科
中国人民公安大学,北京,北京市,政法,本科,公安部,1948,True,False,False,华北,77,双一流
外交学院,北京,北京市,语言,本科,外交部,1955,True,False,False,华北,70,双一流
中国科学院大学,北京,北京市,综合,本科,中国科学院,1978,True,False,False,华北,47,双一流
中国社会科学院大学,北京,北京市,综合,本科,中国社会科学院,1978,False,False,False,华北,47,普通本科
复旦大学,上海,上海市,综合,本科,教育部,1905,True,True,True,华东,120,985工程
上海交通大学,上海,上海市,综合,本科,教育部,1896,True,True,True,华东,129,985工程
同济大学,上海,上海市,理工,本科,教育部,1907,True,True,True,华东,118,985工程
华东师范大学,上海,上海市,师范,本科,教育部,1951,True,True,True,华东,74,985工程
华东理工大学,上海,上海市,理工,本科,教育部,1952,True,True,False,华东,73,985工程
东华大学,上海,上海市,理工,本科,教育部,1951,True,True,False,华东,74,985工程
上海外国语大学,上海,上海市,语言,本科,教育部,1949,True,True,False,华东,76,985工程
上海财经大学,上海,上海市,财经,本科,教育部,1917,True,True,False,华东,108,985工程
上海大学,上海,上海市,综合,本科,上海市,1922,True,True,False,华东,103,985工程
上海理工大学,上海,上海市,理工,本科,上海市,1906,False,False,False,华东,119,普通本科
上海海事大学,上海,上海市,理工,本科,上海市,1909,False,False,False,华东,116,普通本科
上海海洋大学,上海,上海市,农林,本科,上海市,1912,True,False,False,华东,113,双一流
上海中医药大学,上海,上海市,医药,本科,上海市,1956,True,False,False,华东,69,双一流
上海师范大学,上海,上海市,师范,本科,上海市,1954,False,False,False,华东,71,普通本科
上海对外经贸大学,上海,上海市,财经,本科,上海市,1960,False,False,False,华东,65,普通本科
华东政法大学,上海,上海市,政法,本科,上海市,1952,False,False,False,华东,73,普通本科
上海工程技术大学,上海,上海市,理工,本科,上海市,1978,False,False,False,华东,47,普通本科
上海电力大学,上海,上海市,理工,本科,上海市,1951,False,False,False,华东,74,普通本科
上海应用技术大学,上海,上海市,理工,本科,上海市,1954,False,False,False,华东,71,普通本科
上海立信会计金融学院,上海,上海市,财经,本科,上海市,1928,False,False,False,华东,97,普通本科
上海电机学院,上海,上海市,理工,本科,上海市,1953,False,False,False,华东,72,普通本科
上海政法学院,上海,上海市,政法,本科,上海市,1984,False,False,False,华东,41,普通本科
上海体育大学,上海,上海市,体育,本科,上海市,1952,True,False,False,华东,73,双一流
上海音乐学院,上海,上海市,艺术,本科,上海市,1927,True,False,False,华东,98,双一流
上海戏剧学院,上海,上海市,艺术,本科,上海市,1945,False,False,False,华东,80,普通本科
上海科技大学,上海,上海市,理工,本科,上海市/中科院,2013,True,False,False,华东,12,双一流
南开大学,天津,天津市,综合,本科,教育部,1919,True,True,True,华北,106,985工程
天津大学,天津,天津市,理工,本科,教育部,1895,True,True,True,华北,130,985工程
天津医科大学,天津,天津市,医药,本科,天津市,1951,True,True,False,华北,74,985工程
天津工业大学,天津,天津市,理工,本科,天津市,1912,True,False,False,华北,113,双一流
天津中医药大学,天津,天津市,医药,本科,天津市,1958,True,False,False,华北,67,双一流
天津师范大学,天津,天津市,师范,本科,天津市,1958,False,False,False,华北,67,普通本科
天津科技大学,天津,天津市,理工,本科,天津市,1958,False,False,False,华北,67,普通本科
天津理工大学,天津,天津市,理工,本科,天津市,1979,False,False,False,华北,46,普通本科
天津财经大学,天津,天津市,财经,本科,天津市,1958,False,False,False,华北,67,普通本科
天津商业大学,天津,天津市,财经,本科,天津市,1980,False,False,False,华北,45,普通本科
中国民航大学,天津,天津市,理工,本科,交通运输部,1951,False,False,False,华北,74,普通本科
天津外国语大学,天津,天津市,语言,本科,天津市,1964,False,False,False,华北,61,普通本科
天津城建大学,天津,天津市,理工,本科,天津市,1978,False,False,False,华北,47,普通本科
天津农学院,天津,天津市,农林,本科,天津市,1976,False,False,False,华北,49,普通本科
天津体育学院,天津,天津市,体育,本科,天津市,1958,False,False,False,华北,67,普通本科
天津美术学院,天津,天津市,艺术,本科,天津市,1906,False,False,False,华北,119,普通本科
天津音乐学院,天津,天津市,艺术,本科,天津市,1958,False,False,False,华北,67,普通本科
重庆大学,重庆,重庆市,综合,本科,教育部,1929,True,True,True,西南,96,985工程
西南大学,重庆,重庆市,综合,本科,教育部,1906,True,True,False,西南,119,985工程
重庆邮电大学,重庆,重庆市,理工,本科,重庆市,1950,False,False,False,西南,75,普通本科
重庆交通大学,重庆,重庆市,理工,本科,重庆市,1951,False,False,False,西南,74,普通本科
重庆医科大学,重庆,重庆市,医药,本科,重庆市,1956,False,False,False,西南,69,普通本科
西南政法大学,重庆,重庆市,政法,本科,重庆市,1950,False,False,False,西南,75,普通本科
重庆师范大学,重庆,重庆市,师范,本科,重庆市,1954,False,False,False,西南,71,普通本科
重庆工商大学,重庆,重庆市,财经,本科,重庆市,1952,False,False,False,西南,73,普通本科
重庆理工大学,重庆,重庆市,理工,本科,重庆市,1940,False,False,False,西南,85,普通本科
四川外国语大学,重庆,重庆市,语言,本科,重庆市,1950,False,False,False,西南,75,普通本科
四川美术学院,重庆,重庆市,艺术,本科,重庆市,1940,False,False,False,西南,85,普通本科
重庆科技大学,重庆,重庆市,理工,本科,重庆市,1951,False,False,False,西南,74,普通本科
重庆文理学院,重庆,重庆市,综合,本科,重庆市,1976,False,False,False,西南,49,普通本科
长江师范学院,重庆,重庆市,师范,本科,重庆市,1931,False,False,False,西南,94,普通本科
重庆三峡学院,重庆,重庆市,综合,本科,重庆市,1956,False,False,False,西南,69,普通本科
南京大学,江苏,南京市,综合,本科,教育部,1902,True,True,True,华东,123,985工程
东南大学,江苏,南京市,理工,本科,教育部,1902,True,True,True,华东,123,985工程
南京航空航天大学,江苏,南京市,理工,本科,工信部,1952,True,True,False,华东,73,985工程
南京理工大学,江苏,南京市,理工,本科,工信部,1953,True,True,False,华东,72,985工程
苏州大学,江苏,苏州市,综合,本科,江苏省,1900,True,True,False,华东,125,985工程
中国矿业大学,江苏,徐州市,理工,本科,教育部,1909,True,True,False,华东,116,985工程
河海大学,江苏,南京市,理工,本科,教育部,1915,True,True,False,华东,110,985工程
江南大学,江苏,无锡市,综合,本科,教育部,1958,True,True,False,华东,67,985工程
南京农业大学,江苏,南京市,农林,本科,教育部,1902,True,True,False,华东,123,985工程
中国药科大学,江苏,南京市,医药,本科,教育部,1936,True,True,False,华东,89,985工程
南京师范大学,江苏,南京市,师范,本科,江苏省,1902,True,True,False,华东,123,985工程
南京邮电大学,江苏,南京市,理工,本科,江苏省,1942,True,False,False,华东,83,双一流
南京林业大学,江苏,南京市,农林,本科,江苏省,1902,True,False,False,华东,123,双一流
南京信息工程大学,江苏,南京市,理工,本科,江苏省,1960,True,False,False,华东,65,双一流
南京医科大学,江苏,南京市,医药,本科,江苏省,1934,True,False,False,华东,91,双一流
南京中医药大学,江苏,南京市,医药,本科,江苏省,1954,True,False,False,华东,71,双一流
江苏大学,江苏,镇江市,综合,本科,江苏省,1902,False,False,False,华东,123,普通本科
扬州大学,江苏,扬州市,综合,本科,江苏省,1902,False,False,False,华东,123,普通本科
南京工业大学,江苏,南京市,理工,本科,江苏省,1902,False,False,False,华东,123,普通本科
南京财经大学,江苏,南京市,财经,本科,江苏省,1956,False,False,False,华东,69,普通本科
南京审计大学,江苏,南京市,财经,本科,江苏省,1983,False,False,False,华东,42,普通本科
常州大学,江苏,常州市,理工,本科,江苏省,1978,False,False,False,华东,47,普通本科
南通大学,江苏,南通市,综合,本科,江苏省,1912,False,False,False,华东,113,普通本科
江苏师范大学,江苏,徐州市,师范,本科,江苏省,1952,False,False,False,华东,73,普通本科
江苏科技大学,江苏,镇江市,理工,本科,江苏省,1933,False,False,False,华东,92,普通本科
徐州医科大学,江苏,徐州市,医药,本科,江苏省,1958,False,False,False,华东,67,普通本科
苏州科技大学,江苏,苏州市,理工,本科,江苏省,1960,False,False,False,华东,65,普通本科
南京工程学院,江苏,南京市,理工,本科,江苏省,1915,False,False,False,华东,110,普通本科
盐城工学院,江苏,盐城市,理工,本科,江苏省,1958,False,False,False,华东,67,普通本科
淮阴师范学院,江苏,淮安市,师范,本科,江苏省,1958,False,False,False,华东,67,普通本科
浙江大学,浙江,杭州市,综合,本科,教育部,1897,True,True,True,华东,128,985工程
宁波大学,浙江,宁波市,综合,本科,浙江省,1986,True,False,False,华东,39,双一流
中国美术学院,浙江,杭州市,艺术,本科,浙江省,1928,True,False,False,华东,97,双一流
浙江工业大学,浙江,杭州市,理工,本科,浙江省,1953,False,False,False,华东,72,普通本科
浙江师范大学,浙江,金华市,师范,本科,浙江省,1956,False,False,False,华东,69,普通本科
杭州电子科技大学,浙江,杭州市,理工,本科,浙江省,1956,False,False,False,华东,69,普通本科
浙江理工大学,浙江,杭州市,理工,本科,浙江省,1897,False,False,False,华东,128,普通本科
浙江工商大学,浙江,杭州市,财经,本科,浙江省,1911,False,False,False,华东,114,普通本科
浙江财经大学,浙江,杭州市,财经,本科,浙江省,1974,False,False,False,华东,51,普通本科
中国计量大学,浙江,杭州市,理工,本科,浙江省,1978,False,False,False,华东,47,普通本科
温州医科大学,浙江,温州市,医药,本科,浙江省,1912,False,False,False,华东,113,普通本科
浙江中医药大学,浙江,杭州市,医药,本科,浙江省,1953,False,False,False,华东,72,普通本科
浙江农林大学,浙江,杭州市,农林,本科,浙江省,1958,False,False,False,华东,67,普通本科
杭州师范大学,浙江,杭州市,师范,本科,浙江省,1908,False,False,False,华东,117,普通本科
温州大学,浙江,温州市,综合,本科,浙江省,1933,False,False,False,华东,92,普通本科
浙江海洋大学,浙江,舟山市,农林,本科,浙江省,1958,False,False,False,华东,67,普通本科
浙江科技大学,浙江,杭州市,理工,本科,浙江省,1980,False,False,False,华东,45,普通本科
绍兴文理学院,浙江,绍兴市,综合,本科,浙江省,1909,False,False,False,华东,116,普通本科
湖州师范学院,浙江,湖州市,师范,本科,浙江省,1958,False,False,False,华东,67,普通本科
台州学院,浙江,台州市,综合,本科,浙江省,1907,False,False,False,华东,118,普通本科
嘉兴大学,浙江,嘉兴市,综合,本科,浙江省,1914,False,False,False,华东,111,普通本科
浙江万里学院,浙江,宁波市,理工,本科,浙江省,1950,False,False,False,华东,75,普通本科
浙江外国语学院,浙江,杭州市,语言,本科,浙江省,1955,False,False,False,华东,70,普通本科
浙江传媒学院,浙江,杭州市,语言,本科,浙江省,1978,False,False,False,华东,47,普通本科
宁波工程学院,浙江,宁波市,理工,本科,浙江省,1983,False,False,False,华东,42,普通本科
中山大学,广东,广州市,综合,本科,教育部,1924,True,True,True,华南,101,985工程
华南理工大学,广东,广州市,理工,本科,教育部,1952,True,True,True,华南,73,985工程
暨南大学,广东,广州市,综合,本科,中央统战部,1906,True,True,False,华南,119,985工程
华南师范大学,广东,广州市,师范,本科,广东省,1933,True,True,False,华南,92,985工程
华南农业大学,广东,广州市,农林,本科,广东省,1909,True,False,False,华南,116,双一流
南方医科大学,广东,广州市,医药,本科,广东省,1951,False,False,False,华南,74,普通本科
广州中医药大学,广东,广州市,医药,本科,广东省,1956,True,False,False,华南,69,双一流
深圳大学,广东,深圳市,综合,本科,广东省,1983,False,False,False,华南,42,普通本科
广州大学,广东,广州市,综合,本科,广东省,1927,False,False,False,华南,98,普通本科
广东工业大学,广东,广州市,理工,本科,广东省,1958,False,False,False,华南,67,普通本科
广东外语外贸大学,广东,广州市,语言,本科,广东省,1965,False,False,False,华南,60,普通本科
汕头大学,广东,汕头市,综合,本科,广东省,1981,False,False,False,华南,44,普通本科
南方科技大学,广东,深圳市,理工,本科,广东省,2011,True,False,False,华南,14,双一流
广州医科大学,广东,广州市,医药,本科,广东省,1958,True,False,False,华南,67,双一流
东莞理工学院,广东,东莞市,理工,本科,广东省,1992,False,False,False,华南,33,普通本科
广东财经大学,广东,广州市,财经,本科,广东省,1983,False,False,False,华南,42,普通本科
广东海洋大学,广东,湛江市,农林,本科,广东省,1935,False,False,False,华南,90,普通本科
广东技术师范大学,广东,广州市,师范,本科,广东省,1957,False,False,False,华南,68,普通本科
五邑大学,广东,江门市,综合,本科,广东省,1985,False,False,False,华南,40,普通本科
佛山科学技术学院,广东,佛山市,理工,本科,广东省,1958,False,False,False,华南,67,普通本科
仲恺农业工程学院,广东,广州市,农林,本科,广东省,1927,False,False,False,华南,98,普通本科
广东药科大学,广东,广州市,医药,本科,广东省,1958,False,False,False,华南,67,普通本科
广东石油化工学院,广东,茂名市,理工,本科,广东省,1954,False,False,False,华南,71,普通本科
惠州学院,广东,惠州市,综合,本科,广东省,1946,False,False,False,华南,79,普通本科
肇庆学院,广东,肇庆市,综合,本科,广东省,1970,False,False,False,华南,55,普通本科
韶关学院,广东,韶关市,综合,本科,广东省,1958,False,False,False,华南,67,普通本科
嘉应学院,广东,梅州市,综合,本科,广东省,1913,False,False,False,华南,112,普通本科
韩山师范学院,广东,潮州市,师范,本科,广东省,1903,False,False,False,华南,122,普通本科
岭南师范学院,广东,湛江市,师范,本科,广东省,1904,False,False,False,华南,121,普通本科
武汉大学,湖北,武汉市,综合,本科,教育部,1893,True,True,True,华中,132,985工程
华中科技大学,湖北,武汉市,理工,本科,教育部,1952,True,True,True,华中,73,985工程
武汉理工大学,湖北,武汉市,理工,本科,教育部,1948,True,True,False,华中,77,985工程
华中师范大学,湖北,武汉市,师范,本科,教育部,1903,True,True,False,华中,122,985工程
华中农业大学,湖北,武汉市,农林,本科,教育部,1898,True,True,False,华中,127,985工程
中南财经政法大学,湖北,武汉市,财经,本科,教育部,1948,True,True,False,华中,77,985工程
中国地质大学(武汉),湖北,武汉市,理工,本科,教育部,1952,True,True,False,华中,73,985工程
武汉科技大学,湖北,武汉市,理工,本科,湖北省,1898,False,False,False,华中,127,普通本科
湖北大学,湖北,武汉市,综合,本科,湖北省,1931,False,False,False,华中,94,普通本科
长江大学,湖北,荆州市,综合,本科,湖北省,1950,False,False,False,华中,75,普通本科
三峡大学,湖北,宜昌市,综合,本科,湖北省,1946,False,False,False,华中,79,普通本科
武汉工程大学,湖北,武汉市,理工,本科,湖北省,1972,False,False,False,华中,53,普通本科
武汉纺织大学,湖北,武汉市,理工,本科,湖北省,1958,False,False,False,华中,67,普通本科
武汉轻工大学,湖北,武汉市,理工,本科,湖北省,1951,False,False,False,华中,74,普通本科
湖北工业大学,湖北,武汉市,理工,本科,湖北省,1952,False,False,False,华中,73,普通本科
中南民族大学,湖北,武汉市,民族,本科,国家民委,1951,False,False,False,华中,74,普通本科
湖北师范大学,湖北,黄石市,师范,本科,湖北省,1973,False,False,False,华中,52,普通本科
湖北中医药大学,湖北,武汉市,医药,本科,湖北省,1958,False,False,False,华中,67,普通本科
湖北经济学院,湖北,武汉市,财经,本科,湖北省,2002,False,False,False,华中,23,普通本科
湖北汽车工业学院,湖北,十堰市,理工,本科,湖北省,1972,False,False,False,华中,53,普通本科
湖北工程学院,湖北,孝感市,理工,本科,湖北省,1943,False,False,False,华中,82,普通本科
湖北科技学院,湖北,咸宁市,综合,本科,湖北省,1937,False,False,False,华中,88,普通本科
黄冈师范学院,湖北,黄冈市,师范,本科,湖北省,1905,False,False,False,华中,120,普通本科
湖北文理学院,湖北,襄阳市,综合,本科,湖北省,1958,False,False,False,华中,67,普通本科
湖北民族大学,湖北,恩施州,民族,本科,湖北省,1938,False,False,False,华中,87,普通本科
湖北医药学院,湖北,十堰市,医药,本科,湖北省,1965,False,False,False,华中,60,普通本科
中南大学,湖南,长沙市,综合,本科,教育部,2000,True,True,True,华中,25,985工程
湖南大学,湖南,长沙市,综合,本科,教育部,976,True,True,True,华中,1049,985工程
国防科技大学,湖南,长沙市,理工,本科,中央军委,1953,True,True,True,华中,72,985工程
湘潭大学,湖南,湘潭市,综合,本科,湖南省,1958,True,False,False,华中,67,双一流
湖南师范大学,湖南,长沙市,师范,本科,湖南省,1938,True,True,False,华中,87,985工程
长沙理工大学,湖南,长沙市,理工,本科,湖南省,1956,False,False,False,华中,69,普通本科
湖南农业大学,湖南,长沙市,农林,本科,湖南省,1951,False,False,False,华中,74,普通本科
中南林业科技大学,湖南,长沙市,农林,本科,湖南省,1958,False,False,False,华中,67,普通本科
湖南科技大学,湖南,湘潭市,综合,本科,湖南省,1949,False,False,False,华中,76,普通本科
南华大学,湖南,衡阳市,综合,本科,湖南省,1958,False,False,False,华中,67,普通本科
湖南中医药大学,湖南,长沙市,医药,本科,湖南省,1934,False,False,False,华中,91,普通本科
湖南工业大学,湖南,株洲市,理工,本科,湖南省,1958,False,False,False,华中,67,普通本科
湖南工商大学,湖南,长沙市,财经,本科,湖南省,1949,False,False,False,华中,76,普通本科
吉首大学,湖南,吉首市,综合,本科,湖南省,1958,False,False,False,华中,67,普通本科
湖南理工学院,湖南,岳阳市,理工,本科,湖南省,1910,False,False,False,华中,115,普通本科
衡阳师范学院,湖南,衡阳市,师范,本科,湖南省,1904,False,False,False,华中,121,普通本科
湖南文理学院,湖南,常德市,综合,本科,湖南省,1958,False,False,False,华中,67,普通本科
湖南工程学院,湖南,湘潭市,理工,本科,湖南省,1951,False,False,False,华中,74,普通本科
湖南城市学院,湖南,益阳市,综合,本科,湖南省,1970,False,False,False,华中,55,普通本科
邵阳学院,湖南,邵阳市,综合,本科,湖南省,1958,False,False,False,华中,67,普通本科
湖南科技学院,湖南,永州市,综合,本科,湖南省,1941,False,False,False,华中,84,普通本科
怀化学院,湖南,怀化市,综合,本科,湖南省,1958,False,False,False,华中,67,普通本科
湘南学院,湖南,郴州市,综合,本科,湖南省,1958,False,False,False,华中,67,普通本科
湖南人文科技学院,湖南,娄底市,综合,本科,湖南省,1978,False,False,False,华中,47,普通本科
长沙学院,湖南,长沙市,理工,本科,湖南省,1970,False,False,False,华中,55,普通本科
湖南第一师范学院,湖南,长沙市,师范,本科,湖南省,1903,False,False,False,华中,122,普通本科
湖南财政经济学院,湖南,长沙市,财经,本科,湖南省,1933,False,False,False,华中,92,普通本科
四川大学,四川,成都市,综合,本科,教育部,1896,True,True,True,西南,129,985工程
电子科技大学,四川,成都市,理工,本科,教育部,1956,True,True,True,西南,69,985工程
西南交通大学,四川,成都市,理工,本科,教育部,1896,True,True,False,西南,129,985工程
西南财经大学,四川,成都市,财经,本科,教育部,1925,True,True,False,西南,100,985工程
四川农业大学,四川,雅安市,农林,本科,四川省,1906,True,True,False,西南,119,985工程
成都理工大学,四川,成都市,理工,本科,四川省,1956,True,False,False,西南,69,双一流
西南石油大学,四川,成都市,理工,本科,四川省,1958,True,False,False,西南,67,双一流
成都中医药大学,四川,成都市,医药,本科,四川省,1956,True,False,False,西南,69,双一流
四川师范大学,四川,成都市,师范,本科,四川省,1946,False,False,False,西南,79,普通本科
西南科技大学,四川,绵阳市,理工,本科,四川省,1952,False,False,False,西南,73,普通本科
西华大学,四川,成都市,综合,本科,四川省,1960,False,False,False,西南,65,普通本科
西南民族大学,四川,成都市,民族,本科,国家民委,1951,False,False,False,西南,74,普通本科
成都信息工程大学,四川,成都市,理工,本科,四川省,1951,False,False,False,西南,74,普通本科
西华师范大学,四川,南充市,师范,本科,四川省,1946,False,False,False,西南,79,普通本科
西南医科大学,四川,泸州市,医药,本科,四川省,1951,False,False,False,西南,74,普通本科
成都大学,四川,成都市,综合,本科,四川省,1978,False,False,False,西南,47,普通本科
中国民用航空飞行学院,四川,广汉市,理工,本科,交通运输部,1956,False,False,False,西南,69,普通本科
四川轻化工大学,四川,自贡市,理工,本科,四川省,1965,False,False,False,西南,60,普通本科
绵阳师范学院,四川,绵阳市,师范,本科,四川省,1940,False,False,False,西南,85,普通本科
内江师范学院,四川,内江市,师范,本科,四川省,1956,False,False,False,西南,69,普通本科
乐山师范学院,四川,乐山市,师范,本科,四川省,1978,False,False,False,西南,47,普通本科
成都体育学院,四川,成都市,体育,本科,四川省,1942,False,False,False,西南,83,普通本科
四川音乐学院,四川,成都市,艺术,本科,四川省,1939,False,False,False,西南,86,普通本科
成都医学院,四川,成都市,医药,本科,四川省,1947,False,False,False,西南,78,普通本科
川北医学院,四川,南充市,医药,本科,四川省,1951,False,False,False,西南,74,普通本科
攀枝花学院,四川,攀枝花市,综合,本科,四川省,1983,False,False,False,西南,42,普通本科
宜宾学院,四川,宜宾市,综合,本科,四川省,1978,False,False,False,西南,47,普通本科
西安交通大学,陕西,西安市,综合,本科,教育部,1896,True,True,True,西北,129,985工程
西北工业大学,陕西,西安市,理工,本科,工信部,1938,True,True,True,西北,87,985工程
西北农林科技大学,陕西,咸阳市,农林,本科,教育部,1934,True,True,True,西北,91,985工程
西安电子科技大学,陕西,西安市,理工,本科,教育部,1931,True,True,False,西北,94,985工程
陕西师范大学,陕西,西安市,师范,本科,教育部,1944,True,True,False,西北,81,985工程
长安大学,陕西,西安市,理工,本科,教育部,1951,True,True,False,西北,74,985工程
西北大学,陕西,西安市,综合,本科,陕西省,1902,True,True,False,西北,123,985工程
西安理工大学,陕西,西安市,理工,本科,陕西省,1949,False,False,False,西北,76,普通本科
西安建筑科技大学,陕西,西安市,理工,本科,陕西省,1895,False,False,False,西北,130,普通本科
西安科技大学,陕西,西安市,理工,本科,陕西省,1958,False,False,False,西北,67,普通本科
陕西科技大学,陕西,西安市,理工,本科,陕西省,1958,False,False,False,西北,67,普通本科
西安石油大学,陕西,西安市,理工,本科,陕西省,1951,False,False,False,西北,74,普通本科
西安工业大学,陕西,西安市,理工,本科,陕西省,1955,False,False,False,西北,70,普通本科
西安工程大学,陕西,西安市,理工,本科,陕西省,1912,False,False,False,西北,113,普通本科
西安外国语大学,陕西,西安市,语言,本科,陕西省,1952,False,False,False,西北,73,普通本科
西北政法大学,陕西,西安市,政法,本科,陕西省,1937,False,False,False,西北,88,普通本科
西安邮电大学,陕西,西安市,理工,本科,陕西省,1950,False,False,False,西北,75,普通本科
西安财经大学,陕西,西安市,财经,本科,陕西省,1952,False,False,False,西北,73,普通本科
西安美术学院,陕西,西安市,艺术,本科,陕西省,1949,False,False,False,西北,76,普通本科
西安音乐学院,陕西,西安市,艺术,本科,陕西省,1949,False,False,False,西北,76,普通本科
西安体育学院,陕西,西安市,体育,本科,陕西省,1954,False,False,False,西北,71,普通本科
陕西理工大学,陕西,汉中市,理工,本科,陕西省,1958,False,False,False,西北,67,普通本科
延安大学,陕西,延安市,综合,本科,陕西省,1937,False,False,False,西北,88,普通本科
宝鸡文理学院,陕西,宝鸡市,综合,本科,陕西省,1958,False,False,False,西北,67,普通本科
咸阳师范学院,陕西,咸阳市,师范,本科,陕西省,1978,False,False,False,西北,47,普通本科
渭南师范学院,陕西,渭南市,师范,本科,陕西省,1960,False,False,False,西北,65,普通本科
西安医学院,陕西,西安市,医药,本科,陕西省,1951,False,False,False,西北,74,普通本科
陕西中医药大学,陕西,咸阳市,医药,本科,陕西省,1952,False,False,False,西北,73,普通本科
山东大学,山东,济南市,综合,本科,教育部,1901,True,True,True,华东,124,985工程
中国海洋大学,山东,青岛市,理工,本科,教育部,1924,True,True,True,华东,101,985工程
中国石油大学(华东),山东,青岛市,理工,本科,教育部,1953,True,True,False,华东,72,985工程
山东师范大学,山东,济南市,师范,本科,山东省,1950,False,False,False,华东,75,普通本科
青岛大学,山东,青岛市,综合,本科,山东省,1909,False,False,False,华东,116,普通本科
山东科技大学,山东,青岛市,理工,本科,山东省,1951,False,False,False,华东,74,普通本科
山东农业大学,山东,泰安市,农林,本科,山东省,1906,False,False,False,华东,119,普通本科
青岛科技大学,山东,青岛市,理工,本科,山东省,1950,False,False,False,华东,75,普通本科
济南大学,山东,济南市,综合,本科,山东省,1948,False,False,False,华东,77,普通本科
山东理工大学,山东,淄博市,理工,本科,山东省,1956,False,False,False,华东,69,普通本科
曲阜师范大学,山东,曲阜市,师范,本科,山东省,1955,False,False,False,华东,70,普通本科
山东财经大学,山东,济南市,财经,本科,山东省,1952,False,False,False,华东,73,普通本科
烟台大学,山东,烟台市,综合,本科,山东省,1984,False,False,False,华东,41,普通本科
青岛理工大学,山东,青岛市,理工,本科,山东省,1953,False,False,False,华东,72,普通本科
山东建筑大学,山东,济南市,理工,本科,山东省,1956,False,False,False,华东,69,普通本科
鲁东大学,山东,烟台市,综合,本科,山东省,1930,False,False,False,华东,95,普通本科
聊城大学,山东,聊城市,综合,本科,山东省,1974,False,False,False,华东,51,普通本科
青岛农业大学,山东,青岛市,农林,本科,山东省,1951,False,False,False,华东,74,普通本科
山东中医药大学,山东,济南市,医药,本科,山东省,1958,False,False,False,华东,67,普通本科
山东第一医科大学,山东,济南市,医药,本科,山东省,1915,False,False,False,华东,110,普通本科
临沂大学,山东,临沂市,综合,本科,山东省,1941,False,False,False,华东,84,普通本科
齐鲁工业大学,山东,济南市,理工,本科,山东省,1948,False,False,False,华东,77,普通本科
潍坊医学院,山东,潍坊市,医药,本科,山东省,1951,False,False,False,华东,74,普通本科
滨州医学院,山东,烟台市,医药,本科,山东省,1946,False,False,False,华东,79,普通本科
山东艺术学院,山东,济南市,艺术,本科,山东省,1958,False,False,False,华东,67,普通本科
山东工艺美术学院,山东,济南市,艺术,本科,山东省,1973,False,False,False,华东,52,普通本科
山东体育学院,山东,济南市,体育,本科,山东省,1958,False,False,False,华东,67,普通本科
大连理工大学,辽宁,大连市,理工,本科,教育部,1949,True,True,True,东北,76,985工程
东北大学,辽宁,沈阳市,理工,本科,教育部,1923,True,True,True,东北,102,985工程
大连海事大学,辽宁,大连市,理工,本科,交通运输部,1909,True,True,False,东北,116,985工程
辽宁大学,辽宁,沈阳市,综合,本科,辽宁省,1948,True,True,False,东北,77,985工程
东北财经大学,辽宁,大连市,财经,本科,辽宁省,1952,False,False,False,东北,73,普通本科
中国医科大学,辽宁,沈阳市,医药,本科,辽宁省,1931,False,False,False,东北,94,普通本科
沈阳农业大学,辽宁,沈阳市,农林,本科,辽宁省,1952,False,False,False,东北,73,普通本科
沈阳工业大学,辽宁,沈阳市,理工,本科,辽宁省,1949,False,False,False,东北,76,普通本科
辽宁师范大学,辽宁,大连市,师范,本科,辽宁省,1951,False,False,False,东北,74,普通本科
大连医科大学,辽宁,大连市,医药,本科,辽宁省,1947,False,False,False,东北,78,普通本科
沈阳建筑大学,辽宁,沈阳市,理工,本科,辽宁省,1948,False,False,False,东北,77,普通本科
沈阳药科大学,辽宁,沈阳市,医药,本科,辽宁省,1931,False,False,False,东北,94,普通本科
大连交通大学,辽宁,大连市,理工,本科,辽宁省,1956,False,False,False,东北,69,普通本科
大连工业大学,辽宁,大连市,理工,本科,辽宁省,1958,False,False,False,东北,67,普通本科
沈阳航空航天大学,辽宁,沈阳市,理工,本科,辽宁省,1952,False,False,False,东北,73,普通本科
辽宁工程技术大学,辽宁,阜新市,理工,本科,辽宁省,1949,False,False,False,东北,76,普通本科
沈阳化工大学,辽宁,沈阳市,理工,本科,辽宁省,1952,False,False,False,东北,73,普通本科
大连海洋大学,辽宁,大连市,农林,本科,辽宁省,1952,False,False,False,东北,73,普通本科
辽宁科技大学,辽宁,鞍山市,理工,本科,辽宁省,1948,False,False,False,东北,77,普通本科
大连大学,辽宁,大连市,综合,本科,辽宁省,1949,False,False,False,东北,76,普通本科
沈阳大学,辽宁,沈阳市,综合,本科,辽宁省,1905,False,False,False,东北,120,普通本科
渤海大学,辽宁,锦州市,综合,本科,辽宁省,1950,False,False,False,东北,75,普通本科
大连外国语大学,辽宁,大连市,语言,本科,辽宁省,1964,False,False,False,东北,61,普通本科
辽宁工业大学,辽宁,锦州市,理工,本科,辽宁省,1951,False,False,False,东北,74,普通本科
沈阳理工大学,辽宁,沈阳市,理工,本科,辽宁省,1948,False,False,False,东北,77,普通本科
沈阳师范大学,辽宁,沈阳市,师范,本科,辽宁省,1951,False,False,False,东北,74,普通本科
吉林大学,吉林,长春市,综合,本科,教育部,1946,True,True,True,东北,79,985工程
东北师范大学,吉林,长春市,师范,本科,教育部,1946,True,True,False,东北,79,985工程
延边大学,吉林,延吉市,综合,本科,吉林省,1949,True,True,False,东北,76,985工程
长春理工大学,吉林,长春市,理工,本科,吉林省,1958,False,False,False,东北,67,普通本科
东北电力大学,吉林,吉林市,理工,本科,吉林省,1949,False,False,False,东北,76,普通本科
吉林农业大学,吉林,长春市,农林,本科,吉林省,1948,False,False,False,东北,77,普通本科
长春工业大学,吉林,长春市,理工,本科,吉林省,1952,False,False,False,东北,73,普通本科
北华大学,吉林,吉林市,综合,本科,吉林省,1906,False,False,False,东北,119,普通本科
吉林师范大学,吉林,四平市,师范,本科,吉林省,1958,False,False,False,东北,67,普通本科
吉林财经大学,吉林,长春市,财经,本科,吉林省,1946,False,False,False,东北,79,普通本科
长春中医药大学,吉林,长春市,医药,本科,吉林省,1958,False,False,False,东北,67,普通本科
吉林建筑大学,吉林,长春市,理工,本科,吉林省,1956,False,False,False,东北,69,普通本科
长春大学,吉林,长春市,综合,本科,吉林省,1949,False,False,False,东北,76,普通本科
吉林化工学院,吉林,吉林市,理工,本科,吉林省,1958,False,False,False,东北,67,普通本科
吉林体育学院,吉林,长春市,体育,本科,吉林省,1958,False,False,False,东北,67,普通本科
吉林艺术学院,吉林,长春市,艺术,本科,吉林省,1946,False,False,False,东北,79,普通本科
通化师范学院,吉林,通化市,师范,本科,吉林省,1958,False,False,False,东北,67,普通本科
白城师范学院,吉林,白城市,师范,本科,吉林省,1958,False,False,False,东北,67,普通本科
吉林医药学院,吉林,吉林市,医药,本科,吉林省,1952,False,False,False,东北,73,普通本科
哈尔滨工业大学,黑龙江,哈尔滨市,理工,本科,工信部,1920,True,True,True,东北,105,985工程
哈尔滨工程大学,黑龙江,哈尔滨市,理工,本科,工信部,1953,True,True,False,东北,72,985工程
东北林业大学,黑龙江,哈尔滨市,农林,本科,教育部,1952,True,True,False,东北,73,985工程
东北农业大学,黑龙江,哈尔滨市,农林,本科,黑龙江省,1948,True,True,False,东北,77,985工程
黑龙江大学,黑龙江,哈尔滨市,综合,本科,黑龙江省,1941,False,False,False,东北,84,普通本科
哈尔滨医科大学,黑龙江,哈尔滨市,医药,本科,黑龙江省,1926,False,False,False,东北,99,普通本科
哈尔滨理工大学,黑龙江,哈尔滨市,理工,本科,黑龙江省,1950,False,False,False,东北,75,普通本科
哈尔滨师范大学,黑龙江,哈尔滨市,师范,本科,黑龙江省,1951,False,False,False,东北,74,普通本科
东北石油大学,黑龙江,大庆市,理工,本科,黑龙江省,1960,False,False,False,东北,65,普通本科
黑龙江中医药大学,黑龙江,哈尔滨市,医药,本科,黑龙江省,1954,False,False,False,东北,71,普通本科
佳木斯大学,黑龙江,佳木斯市,综合,本科,黑龙江省,1947,False,False,False,东北,78,普通本科
齐齐哈尔大学,黑龙江,齐齐哈尔市,综合,本科,黑龙江省,1952,False,False,False,东北,73,普通本科
哈尔滨商业大学,黑龙江,哈尔滨市,财经,本科,黑龙江省,1952,False,False,False,东北,73,普通本科
黑龙江八一农垦大学,黑龙江,大庆市,农林,本科,黑龙江省,1958,False,False,False,东北,67,普通本科
黑龙江科技大学,黑龙江,哈尔滨市,理工,本科,黑龙江省,1947,False,False,False,东北,78,普通本科
牡丹江师范学院,黑龙江,牡丹江市,师范,本科,黑龙江省,1958,False,False,False,东北,67,普通本科
哈尔滨体育学院,黑龙江,哈尔滨市,体育,本科,黑龙江省,1956,False,False,False,东北,69,普通本科
黑龙江工程学院,黑龙江,哈尔滨市,理工,本科,黑龙江省,1952,False,False,False,东北,73,普通本科
齐齐哈尔医学院,黑龙江,齐齐哈尔市,医药,本科,黑龙江省,1946,False,False,False,东北,79,普通本科
牡丹江医学院,黑龙江,牡丹江市,医药,本科,黑龙江省,1958,False,False,False,东北,67,普通本科
大庆师范学院,黑龙江,大庆市,师范,本科,黑龙江省,1965,False,False,False,东北,60,普通本科
绥化学院,黑龙江,绥化市,综合,本科,黑龙江省,1953,False,False,False,东北,72,普通本科
黑河学院,黑龙江,黑河市,综合,本科,黑龙江省,1958,False,False,False,东北,67,普通本科
厦门大学,福建,厦门市,综合,本科,教育部,1921,True,True,True,华东,104,985工程
福州大学,福建,福州市,理工,本科,福建省,1958,True,True,False,华东,67,985工程
福建师范大学,福建,福州市,师范,本科,福建省,1907,False,False,False,华东,118,普通本科
华侨大学,福建,厦门市,综合,本科,中央统战部,1960,False,False,False,华东,65,普通本科
福建农林大学,福建,福州市,农林,本科,福建省,1936,False,False,False,华东,89,普通本科
集美大学,福建,厦门市,综合,本科,福建省,1918,False,False,False,华东,107,普通本科
福建医科大学,福建,福州市,医药,本科,福建省,1937,False,False,False,华东,88,普通本科
福建中医药大学,福建,福州市,医药,本科,福建省,1958,False,False,False,华东,67,普通本科
闽南师范大学,福建,漳州市,师范,本科,福建省,1958,False,False,False,华东,67,普通本科
福建理工大学,福建,福州市,理工,本科,福建省,1896,False,False,False,华东,129,普通本科
厦门理工学院,福建,厦门市,理工,本科,福建省,1981,False,False,False,华东,44,普通本科
泉州师范学院,福建,泉州市,师范,本科,福建省,1958,False,False,False,华东,67,普通本科
闽江学院,福建,福州市,综合,本科,福建省,1958,False,False,False,华东,67,普通本科
莆田学院,福建,莆田市,综合,本科,福建省,2002,False,False,False,华东,23,普通本科
龙岩学院,福建,龙岩市,综合,本科,福建省,1958,False,False,False,华东,67,普通本科
三明学院,福建,三明市,综合,本科,福建省,2000,False,False,False,华东,25,普通本科
武夷学院,福建,武夷山市,综合,本科,福建省,1958,False,False,False,华东,67,普通本科
宁德师范学院,福建,宁德市,师范,本科,福建省,1958,False,False,False,华东,67,普通本科
福建警察学院,福建,福州市,政法,本科,福建省,1949,False,False,False,华东,76,普通本科
中国科学技术大学,安徽,合肥市,理工,本科,中国科学院,1958,True,True,True,华东,67,985工程
合肥工业大学,安徽,合肥市,理工,本科,教育部,1945,True,True,False,华东,80,985工程
安徽大学,安徽,合肥市,综合,本科,安徽省,1928,True,True,False,华东,97,985工程
安徽师范大学,安徽,芜湖市,师范,本科,安徽省,1928,False,False,False,华东,97,普通本科
安徽农业大学,安徽,合肥市,农林,本科,安徽省,1928,False,False,False,华东,97,普通本科
安徽医科大学,安徽,合肥市,医药,本科,安徽省,1926,False,False,False,华东,99,普通本科
安徽理工大学,安徽,淮南市,理工,本科,安徽省,1945,False,False,False,华东,80,普通本科
安徽工业大学,安徽,马鞍山市,理工,本科,安徽省,1958,False,False,False,华东,67,普通本科
安徽财经大学,安徽,蚌埠市,财经,本科,安徽省,1959,False,False,False,华东,66,普通本科
安徽工程大学,安徽,芜湖市,理工,本科,安徽省,1935,False,False,False,华东,90,普通本科
淮北师范大学,安徽,淮北市,师范,本科,安徽省,1974,False,False,False,华东,51,普通本科
安徽中医药大学,安徽,合肥市,医药,本科,安徽省,1959,False,False,False,华东,66,普通本科
安徽建筑大学,安徽,合肥市,理工,本科,安徽省,1958,False,False,False,华东,67,普通本科
阜阳师范大学,安徽,阜阳市,师范,本科,安徽省,1956,False,False,False,华东,69,普通本科
安庆师范大学,安徽,安庆市,师范,本科,安徽省,1897,False,False,False,华东,128,普通本科
合肥大学,安徽,合肥市,综合,本科,安徽省,1980,False,False,False,华东,45,普通本科
蚌埠医科大学,安徽,蚌埠市,医药,本科,安徽省,1958,False,False,False,华东,67,普通本科
皖南医学院,安徽,芜湖市,医药,本科,安徽省,1958,False,False,False,华东,67,普通本科
安徽科技学院,安徽,凤阳县,理工,本科,安徽省,1950,False,False,False,华东,75,普通本科
滁州学院,安徽,滁州市,综合,本科,安徽省,1950,False,False,False,华东,75,普通本科
宿州学院,安徽,宿州市,综合,本科,安徽省,1949,False,False,False,华东,76,普通本科
巢湖学院,安徽,巢湖市,综合,本科,安徽省,1977,False,False,False,华东,48,普通本科
淮南师范学院,安徽,淮南市,师范,本科,安徽省,1958,False,False,False,华东,67,普通本科
铜陵学院,安徽,铜陵市,财经,本科,安徽省,1978,False,False,False,华东,47,普通本科
郑州大学,河南,郑州市,综合,本科,河南省,1956,True,True,False,华中,69,985工程
河南大学,河南,开封市,综合,本科,河南省,1912,True,False,False,华中,113,双一流
河南师范大学,河南,新乡市,师范,本科,河南省,1951,False,False,False,华中,74,普通本科
河南农业大学,河南,郑州市,农林,本科,河南省,1912,False,False,False,华中,113,普通本科
河南理工大学,河南,焦作市,理工,本科,河南省,1909,False,False,False,华中,116,普通本科
河南科技大学,河南,洛阳市,理工,本科,河南省,1952,False,False,False,华中,73,普通本科
河南工业大学,河南,郑州市,理工,本科,河南省,1956,False,False,False,华中,69,普通本科
华北水利水电大学,河南,郑州市,理工,本科,河南省,1951,False,False,False,华中,74,普通本科
河南财经政法大学,河南,郑州市,财经,本科,河南省,1948,False,False,False,华中,77,普通本科
郑州轻工业大学,河南,郑州市,理工,本科,河南省,1977,False,False,False,华中,48,普通本科
信阳师范大学,河南,信阳市,师范,本科,河南省,1975,False,False,False,华中,50,普通本科
中原工学院,河南,郑州市,理工,本科,河南省,1955,False,False,False,华中,70,普通本科
新乡医学院,河南,新乡市,医药,本科,河南省,1922,False,False,False,华中,103,普通本科
河南中医药大学,河南,郑州市,医药,本科,河南省,1958,False,False,False,华中,67,普通本科
郑州航空工业管理学院,河南,郑州市,理工,本科,河南省,1949,False,False,False,华中,76,普通本科
洛阳师范学院,河南,洛阳市,师范,本科,河南省,1916,False,False,False,华中,109,普通本科
南阳师范学院,河南,南阳市,师范,本科,河南省,1951,False,False,False,华中,74,普通本科
安阳师范学院,河南,安阳市,师范,本科,河南省,1908,False,False,False,华中,117,普通本科
商丘师范学院,河南,商丘市,师范,本科,河南省,1905,False,False,False,华中,120,普通本科
河南科技学院,河南,新乡市,理工,本科,河南省,1939,False,False,False,华中,86,普通本科
周口师范学院,河南,周口市,师范,本科,河南省,1973,False,False,False,华中,52,普通本科
许昌学院,河南,许昌市,理工,本科,河南省,1942,False,False,False,华中,83,普通本科
平顶山学院,河南,平顶山市,综合,本科,河南省,1959,False,False,False,华中,66,普通本科
黄淮学院,河南,驻马店市,综合,本科,河南省,1973,False,False,False,华中,52,普通本科
河南工程学院,河南,郑州市,理工,本科,河南省,1954,False,False,False,华中,71,普通本科
南阳理工学院,河南,南阳市,理工,本科,河南省,1987,False,False,False,华中,38,普通本科
洛阳理工学院,河南,洛阳市,理工,本科,河南省,1956,False,False,False,华中,69,普通本科
新乡学院,河南,新乡市,综合,本科,河南省,1949,False,False,False,华中,76,普通本科
河北工业大学,河北,天津市,理工,本科,河北省,1903,True,True,False,华北,122,985工程
河北大学,河北,保定市,综合,本科,河北省,1921,False,False,False,华北,104,普通本科
燕山大学,河北,秦皇岛市,理工,本科,河北省,1920,False,False,False,华北,105,普通本科
河北师范大学,河北,石家庄市,师范,本科,河北省,1902,False,False,False,华北,123,普通本科
河北医科大学,河北,石家庄市,医药,本科,河北省,1894,False,False,False,华北,131,普通本科
河北农业大学,河北,保定市,农林,本科,河北省,1902,False,False,False,华北,123,普通本科
石家庄铁道大学,河北,石家庄市,理工,本科,河北省,1950,False,False,False,华北,75,普通本科
河北科技大学,河北,石家庄市,理工,本科,河北省,1956,False,False,False,华北,69,普通本科
华北理工大学,河北,唐山市,理工,本科,河北省,1958,False,False,False,华北,67,普通本科
河北经贸大学,河北,石家庄市,财经,本科,河北省,1953,False,False,False,华北,72,普通本科
河北地质大学,河北,石家庄市,理工,本科,河北省,1953,False,False,False,华北,72,普通本科
河北工程大学,河北,邯郸市,理工,本科,河北省,1952,False,False,False,华北,73,普通本科
河北科技师范学院,河北,秦皇岛市,师范,本科,河北省,1941,False,False,False,华北,84,普通本科
承德医学院,河北,承德市,医药,本科,河北省,1945,False,False,False,华北,80,普通本科
河北中医药大学,河北,石家庄市,医药,本科,河北省,1958,False,False,False,华北,67,普通本科
河北北方学院,河北,张家口市,综合,本科,河北省,1923,False,False,False,华北,102,普通本科
河北建筑工程学院,河北,张家口市,理工,本科,河北省,1950,False,False,False,华北,75,普通本科
廊坊师范学院,河北,廊坊市,师范,本科,河北省,1946,False,False,False,华北,79,普通本科
唐山师范学院,河北,唐山市,师范,本科,河北省,1956,False,False,False,华北,69,普通本科
保定学院,河北,保定市,综合,本科,河北省,1904,False,False,False,华北,121,普通本科
邯郸学院,河北,邯郸市,综合,本科,河北省,1905,False,False,False,华北,120,普通本科
衡水学院,河北,衡水市,综合,本科,河北省,1923,False,False,False,华北,102,普通本科
邢台学院,河北,邢台市,综合,本科,河北省,1910,False,False,False,华北,115,普通本科
石家庄学院,河北,石家庄市,综合,本科,河北省,1958,False,False,False,华北,67,普通本科
北华航天工业学院,河北,廊坊市,理工,本科,河北省,1978,False,False,False,华北,47,普通本科
河北金融学院,河北,保定市,财经,本科,河北省,1952,False,False,False,华北,73,普通本科
河北体育学院,河北,石家庄市,体育,本科,河北省,1956,False,False,False,华北,69,普通本科
中央司法警官学院,河北,保定市,政法,本科,司法部,1956,False,False,False,华北,69,普通本科
太原理工大学,山西,太原市,理工,本科,山西省,1902,True,True,False,华北,123,985工程
山西大学,山西,太原市,综合,本科,山西省,1902,True,False,False,华北,123,双一流
中北大学,山西,太原市,理工,本科,山西省,1941,False,False,False,华北,84,普通本科
山西医科大学,山西,太原市,医药,本科,山西省,1919,False,False,False,华北,106,普通本科
山西师范大学,山西,太原市,师范,本科,山西省,1958,False,False,False,华北,67,普通本科
山西财经大学,山西,太原市,财经,本科,山西省,1951,False,False,False,华北,74,普通本科
山西农业大学,山西,晋中市,农林,本科,山西省,1907,False,False,False,华北,118,普通本科
太原科技大学,山西,太原市,理工,本科,山西省,1952,False,False,False,华北,73,普通本科
山西大同大学,山西,大同市,综合,本科,山西省,1950,False,False,False,华北,75,普通本科
山西中医药大学,山西,太原市,医药,本科,山西省,1953,False,False,False,华北,72,普通本科
长治医学院,山西,长治市,医药,本科,山西省,1946,False,False,False,华北,79,普通本科
太原师范学院,山西,太原市,师范,本科,山西省,1999,False,False,False,华北,26,普通本科
运城学院,山西,运城市,综合,本科,山西省,1978,False,False,False,华北,47,普通本科
忻州师范学院,山西,忻州市,师范,本科,山西省,1958,False,False,False,华北,67,普通本科
晋中学院,山西,晋中市,综合,本科,山西省,1958,False,False,False,华北,67,普通本科
长治学院,山西,长治市,综合,本科,山西省,1958,False,False,False,华北,67,普通本科
吕梁学院,山西,吕梁市,综合,本科,山西省,1978,False,False,False,华北,47,普通本科
山西工学院,山西,朔州市,理工,本科,山西省,2020,False,False,False,华北,5,普通本科
山西科技学院,山西,晋城市,理工,本科,山西省,2021,False,False,False,华北,4,普通本科
南昌大学,江西,南昌市,综合,本科,江西省,1921,True,True,False,华东,104,985工程
江西师范大学,江西,南昌市,师范,本科,江西省,1940,False,False,False,华东,85,普通本科
江西财经大学,江西,南昌市,财经,本科,江西省,1923,False,False,False,华东,102,普通本科
南昌航空大学,江西,南昌市,理工,本科,江西省,1952,False,False,False,华东,73,普通本科
华东交通大学,江西,南昌市,理工,本科,江西省,1971,False,False,False,华东,54,普通本科
江西农业大学,江西,南昌市,农林,本科,江西省,1905,False,False,False,华东,120,普通本科
江西理工大学,江西,赣州市,理工,本科,江西省,1958,False,False,False,华东,67,普通本科
东华理工大学,江西,南昌市,理工,本科,江西省,1956,False,False,False,华东,69,普通本科
景德镇陶瓷大学,江西,景德镇市,理工,本科,江西省,1910,False,False,False,华东,115,普通本科
江西中医药大学,江西,南昌市,医药,本科,江西省,1959,False,False,False,华东,66,普通本科
赣南师范大学,江西,赣州市,师范,本科,江西省,1958,False,False,False,华东,67,普通本科
江西科技师范大学,江西,南昌市,师范,本科,江西省,1952,False,False,False,华东,73,普通本科
井冈山大学,江西,吉安市,综合,本科,江西省,1958,False,False,False,华东,67,普通本科
九江学院,江西,九江市,综合,本科,江西省,1958,False,False,False,华东,67,普通本科
宜春学院,江西,宜春市,综合,本科,江西省,1958,False,False,False,华东,67,普通本科
上饶师范学院,江西,上饶市,师范,本科,江西省,1958,False,False,False,华东,67,普通本科
赣南医科大学,江西,赣州市,医药,本科,江西省,1941,False,False,False,华东,84,普通本科
南昌工程学院,江西,南昌市,理工,本科,江西省,1958,False,False,False,华东,67,普通本科
南昌师范学院,江西,南昌市,师范,本科,江西省,1952,False,False,False,华东,73,普通本科
萍乡学院,江西,萍乡市,综合,本科,江西省,1941,False,False,False,华东,84,普通本科
景德镇学院,江西,景德镇市,综合,本科,江西省,1977,False,False,False,华东,48,普通本科
新余学院,江西,新余市,综合,本科,江西省,1985,False,False,False,华东,40,普通本科
广西大学,广西,南宁市,综合,本科,广西壮族自治区,1928,True,True,False,华南,97,985工程
广西师范大学,广西,桂林市,师范,本科,广西壮族自治区,1932,False,False,False,华南,93,普通本科
广西医科大学,广西,南宁市,医药,本科,广西壮族自治区,1934,False,False,False,华南,91,普通本科
桂林电子科技大学,广西,桂林市,理工,本科,广西壮族自治区,1960,False,False,False,华南,65,普通本科
广西民族大学,广西,南宁市,民族,本科,广西壮族自治区,1952,False,False,False,华南,73,普通本科
桂林理工大学,广西,桂林市,理工,本科,广西壮族自治区,1956,False,False,False,华南,69,普通本科
广西中医药大学,广西,南宁市,医药,本科,广西壮族自治区,1956,False,False,False,华南,69,普通本科
广西科技大学,广西,柳州市,理工,本科,广西壮族自治区,1958,False,False,False,华南,67,普通本科
广西财经学院,广西,南宁市,财经,本科,广西壮族自治区,1960,False,False,False,华南,65,普通本科
南宁师范大学,广西,南宁市,师范,本科,广西壮族自治区,1953,False,False,False,华南,72,普通本科
北部湾大学,广西,钦州市,综合,本科,广西壮族自治区,1973,False,False,False,华南,52,普通本科
右江民族医学院,广西,百色市,医药,本科,广西壮族自治区,1958,False,False,False,华南,67,普通本科
桂林医学院,广西,桂林市,医药,本科,广西壮族自治区,1935,False,False,False,华南,90,普通本科
玉林师范学院,广西,玉林市,师范,本科,广西壮族自治区,1945,False,False,False,华南,80,普通本科
河池学院,广西,河池市,综合,本科,广西壮族自治区,1958,False,False,False,华南,67,普通本科
广西艺术学院,广西,南宁市,艺术,本科,广西壮族自治区,1938,False,False,False,华南,87,普通本科
广西民族师范学院,广西,崇左市,民族,本科,广西壮族自治区,1939,False,False,False,华南,86,普通本科
百色学院,广西,百色市,综合,本科,广西壮族自治区,1938,False,False,False,华南,87,普通本科
梧州学院,广西,梧州市,综合,本科,广西壮族自治区,1905,False,False,False,华南,120,普通本科
贺州学院,广西,贺州市,综合,本科,广西壮族自治区,1943,False,False,False,华南,82,普通本科
广西科技师范学院,广西,来宾市,师范,本科,广西壮族自治区,1958,False,False,False,华南,67,普通本科
云南大学,云南,昆明市,综合,本科,云南省,1922,True,True,False,西南,103,985工程
昆明理工大学,云南,昆明市,理工,本科,云南省,1954,False,False,False,西南,71,普通本科
云南师范大学,云南,昆明市,师范,本科,云南省,1938,False,False,False,西南,87,普通本科
云南农业大学,云南,昆明市,农林,本科,云南省,1938,False,False,False,西南,87,普通本科
云南财经大学,云南,昆明市,财经,本科,云南省,1951,False,False,False,西南,74,普通本科
云南民族大学,云南,昆明市,民族,本科,云南省,1951,False,False,False,西南,74,普通本科
昆明医科大学,云南,昆明市,医药,本科,云南省,1933,False,False,False,西南,92,普通本科
西南林业大学,云南,昆明市,农林,本科,云南省,1938,False,False,False,西南,87,普通本科
云南中医药大学,云南,昆明市,医药,本科,云南省,1960,False,False,False,西南,65,普通本科
大理大学,云南,大理市,综合,本科,云南省,1978,False,False,False,西南,47,普通本科
曲靖师范学院,云南,曲靖市,师范,本科,云南省,1978,False,False,False,西南,47,普通本科
玉溪师范学院,云南,玉溪市,师范,本科,云南省,1978,False,False,False,西南,47,普通本科
红河学院,云南,蒙自市,综合,本科,云南省,1978,False,False,False,西南,47,普通本科
楚雄师范学院,云南,楚雄市,师范,本科,云南省,1978,False,False,False,西南,47,普通本科
云南艺术学院,云南,昆明市,艺术,本科,云南省,1959,False,False,False,西南,66,普通本科
保山学院,云南,保山市,综合,本科,云南省,1978,False,False,False,西南,47,普通本科
文山学院,云南,文山市,综合,本科,云南省,1978,False,False,False,西南,47,普通本科
普洱学院,云南,普洱市,综合,本科,云南省,1978,False,False,False,西南,47,普通本科
昭通学院,云南,昭通市,综合,本科,云南省,1978,False,False,False,西南,47,普通本科
滇西应用技术大学,云南,大理市,理工,本科,云南省,2017,False,False,False,西南,8,普通本科
贵州大学,贵州,贵阳市,综合,本科,贵州省,1902,True,True,False,西南,123,985工程
贵州师范大学,贵州,贵阳市,师范,本科,贵州省,1941,False,False,False,西南,84,普通本科
贵州医科大学,贵州,贵阳市,医药,本科,贵州省,1938,False,False,False,西南,87,普通本科
贵州财经大学,贵州,贵阳市,财经,本科,贵州省,1958,False,False,False,西南,67,普通本科
贵州民族大学,贵州,贵阳市,民族,本科,贵州省,1951,False,False,False,西南,74,普通本科
贵州中医药大学,贵州,贵阳市,医药,本科,贵州省,1965,False,False,False,西南,60,普通本科
遵义医科大学,贵州,遵义市,医药,本科,贵州省,1947,False,False,False,西南,78,普通本科
贵州师范学院,贵州,贵阳市,师范,本科,贵州省,1978,False,False,False,西南,47,普通本科
贵州理工学院,贵州,贵阳市,理工,本科,贵州省,2013,False,False,False,西南,12,普通本科
贵阳学院,贵州,贵阳市,综合,本科,贵州省,1984,False,False,False,西南,41,普通本科
遵义师范学院,贵州,遵义市,师范,本科,贵州省,1907,False,False,False,西南,118,普通本科
黔南民族师范学院,贵州,都匀市,师范,本科,贵州省,1952,False,False,False,西南,73,普通本科
安顺学院,贵州,安顺市,综合,本科,贵州省,1938,False,False,False,西南,87,普通本科
凯里学院,贵州,凯里市,综合,本科,贵州省,1958,False,False,False,西南,67,普通本科
铜仁学院,贵州,铜仁市,综合,本科,贵州省,1920,False,False,False,西南,105,普通本科
六盘水师范学院,贵州,六盘水市,师范,本科,贵州省,1978,False,False,False,西南,47,普通本科
兴义民族师范学院,贵州,兴义市,师范,本科,贵州省,1813,False,False,False,西南,212,普通本科
贵州工程应用技术学院,贵州,毕节市,理工,本科,贵州省,1938,False,False,False,西南,87,普通本科
贵州商学院,贵州,贵阳市,财经,本科,贵州省,1947,False,False,False,西南,78,普通本科
兰州大学,甘肃,兰州市,综合,本科,教育部,1909,True,True,True,西北,116,985工程
西北师范大学,甘肃,兰州市,师范,本科,甘肃省,1902,False,False,False,西北,123,普通本科
兰州理工大学,甘肃,兰州市,理工,本科,甘肃省,1919,False,False,False,西北,106,普通本科
兰州交通大学,甘肃,兰州市,理工,本科,甘肃省,1958,False,False,False,西北,67,普通本科
甘肃农业大学,甘肃,兰州市,农林,本科,甘肃省,1946,False,False,False,西北,79,普通本科
西北民族大学,甘肃,兰州市,民族,本科,国家民委,1950,False,False,False,西北,75,普通本科
甘肃政法大学,甘肃,兰州市,政法,本科,甘肃省,1956,False,False,False,西北,69,普通本科
兰州财经大学,甘肃,兰州市,财经,本科,甘肃省,1952,False,False,False,西北,73,普通本科
甘肃中医药大学,甘肃,兰州市,医药,本科,甘肃省,1978,False,False,False,西北,47,普通本科
天水师范学院,甘肃,天水市,师范,本科,甘肃省,1959,False,False,False,西北,66,普通本科
河西学院,甘肃,张掖市,综合,本科,甘肃省,1958,False,False,False,西北,67,普通本科
陇东学院,甘肃,庆阳市,综合,本科,甘肃省,1978,False,False,False,西北,47,普通本科
兰州城市学院,甘肃,兰州市,综合,本科,甘肃省,1958,False,False,False,西北,67,普通本科
甘肃民族师范学院,甘肃,合作市,民族,本科,甘肃省,1984,False,False,False,西北,41,普通本科
兰州文理学院,甘肃,兰州市,综合,本科,甘肃省,1950,False,False,False,西北,75,普通本科
兰州工业学院,甘肃,兰州市,理工,本科,甘肃省,1942,False,False,False,西北,83,普通本科
甘肃医学院,甘肃,平凉市,医药,本科,甘肃省,1958,False,False,False,西北,67,普通本科
内蒙古大学,内蒙古,呼和浩特市,综合,本科,内蒙古自治区,1957,True,True,False,华北,68,985工程
内蒙古农业大学,内蒙古,呼和浩特市,农林,本科,内蒙古自治区,1952,False,False,False,华北,73,普通本科
内蒙古师范大学,内蒙古,呼和浩特市,师范,本科,内蒙古自治区,1952,False,False,False,华北,73,普通本科
内蒙古工业大学,内蒙古,呼和浩特市,理工,本科,内蒙古自治区,1951,False,False,False,华北,74,普通本科
内蒙古科技大学,内蒙古,包头市,理工,本科,内蒙古自治区,1956,False,False,False,华北,69,普通本科
内蒙古民族大学,内蒙古,通辽市,民族,本科,内蒙古自治区,1958,False,False,False,华北,67,普通本科
内蒙古财经大学,内蒙古,呼和浩特市,财经,本科,内蒙古自治区,1960,False,False,False,华北,65,普通本科
内蒙古医科大学,内蒙古,呼和浩特市,医药,本科,内蒙古自治区,1956,False,False,False,华北,69,普通本科
赤峰学院,内蒙古,赤峰市,综合,本科,内蒙古自治区,1958,False,False,False,华北,67,普通本科
呼伦贝尔学院,内蒙古,呼伦贝尔市,综合,本科,内蒙古自治区,1958,False,False,False,华北,67,普通本科
集宁师范学院,内蒙古,乌兰察布市,师范,本科,内蒙古自治区,1958,False,False,False,华北,67,普通本科
河套学院,内蒙古,巴彦淖尔市,综合,本科,内蒙古自治区,1985,False,False,False,华北,40,普通本科
呼和浩特民族学院,内蒙古,呼和浩特市,民族,本科,内蒙古自治区,1953,False,False,False,华北,72,普通本科
鄂尔多斯应用技术学院,内蒙古,鄂尔多斯市,理工,本科,内蒙古自治区,2015,False,False,False,华北,10,普通本科
新疆大学,新疆,乌鲁木齐市,综合,本科,新疆维吾尔自治区,1924,True,True,False,西北,101,985工程
石河子大学,新疆,石河子市,综合,本科,新疆生产建设兵团,1949,True,True,False,西北,76,985工程
新疆农业大学,新疆,乌鲁木齐市,农林,本科,新疆维吾尔自治区,1952,False,False,False,西北,73,普通本科
新疆师范大学,新疆,乌鲁木齐市,师范,本科,新疆维吾尔自治区,1978,False,False,False,西北,47,普通本科
新疆医科大学,新疆,乌鲁木齐市,医药,本科,新疆维吾尔自治区,1956,False,False,False,西北,69,普通本科
新疆财经大学,新疆,乌鲁木齐市,财经,本科,新疆维吾尔自治区,1950,False,False,False,西北,75,普通本科
塔里木大学,新疆,阿拉尔市,农林,本科,新疆生产建设兵团,1958,False,False,False,西北,67,普通本科
喀什大学,新疆,喀什市,综合,本科,新疆维吾尔自治区,1962,False,False,False,西北,63,普通本科
伊犁师范大学,新疆,伊宁市,师范,本科,新疆维吾尔自治区,1948,False,False,False,西北,77,普通本科
昌吉学院,新疆,昌吉市,综合,本科,新疆维吾尔自治区,1959,False,False,False,西北,66,普通本科
新疆工程学院,新疆,乌鲁木齐市,理工,本科,新疆维吾尔自治区,1958,False,False,False,西北,67,普通本科
新疆艺术学院,新疆,乌鲁木齐市,艺术,本科,新疆维吾尔自治区,1958,False,False,False,西北,67,普通本科
新疆警察学院,新疆,乌鲁木齐市,政法,本科,新疆维吾尔自治区,1950,False,False,False,西北,75,普通本科
新疆理工学院,新疆,阿克苏市,理工,本科,新疆维吾尔自治区,2019,False,False,False,西北,6,普通本科
新疆科技学院,新疆,库尔勒市,理工,本科,新疆维吾尔自治区,2019,False,False,False,西北,6,普通本科
海南大学,海南,海口市,综合,本科,海南省,1958,True,True,False,华南,67,985工程
海南师范大学,海南,海口市,师范,本科,海南省,1949,False,False,False,华南,76,普通本科
海南医科大学,海南,海口市,医药,本科,海南省,1951,False,False,False,华南,74,普通本科
海南热带海洋学院,海南,三亚市,综合,本科,海南省,1954,False,False,False,华南,71,普通本科
琼台师范学院,海南,海口市,师范,本科,海南省,1705,False,False,False,华南,320,普通本科
三亚学院,海南,三亚市,综合,本科,海南省教育厅,2005,False,False,False,华南,20,普通本科
海口经济学院,海南,海口市,综合,本科,海南省教育厅,1974,False,False,False,华南,51,普通本科
宁夏大学,宁夏,银川市,综合,本科,宁夏回族自治区,1958,True,True,False,西北,67,985工程
宁夏医科大学,宁夏,银川市,医药,本科,宁夏回族自治区,1958,False,False,False,西北,67,普通本科
北方民族大学,宁夏,银川市,民族,本科,国家民委,1984,False,False,False,西北,41,普通本科
宁夏师范学院,宁夏,固原市,师范,本科,宁夏回族自治区,1975,False,False,False,西北,50,普通本科
宁夏理工学院,宁夏,石嘴山市,理工,本科,宁夏回族自治区教育厅,1985,False,False,False,西北,40,普通本科
青海大学,青海,西宁市,综合,本科,青海省,1958,True,True,False,西北,67,985工程
青海师范大学,青海,西宁市,师范,本科,青海省,1956,False,False,False,西北,69,普通本科
青海民族大学,青海,西宁市,民族,本科,青海省,1949,False,False,False,西北,76,普通本科
青海理工学院,青海,西宁市,理工,本科,青海省,2023,False,False,False,西北,2,普通本科
西藏大学,西藏,拉萨市,综合,本科,西藏自治区,1985,True,True,False,西南,40,985工程
西藏民族大学,西藏,咸阳市,民族,本科,西藏自治区,1958,False,False,False,西南,67,普通本科
西藏藏医药大学,西藏,拉萨市,医药,本科,西藏自治区,1989,False,False,False,西南,36,普通本科
西藏农牧学院,西藏,林芝市,农林,本科,西藏自治区,1972,False,False,False,西南,53,普通本科
